test_id,beta,coupling,num_spins,alpha2,alpha4,alpha6,alpha6_used,chi4,chi6,stability_rel_2,stability_rel_4,stability_rel_6,k6_resolved,p0_ed,p1_ed,p2_ed,p0_k2,p1_k2,p2_k2,p0_k24,p1_k24,p2_k24,p0_k246,p1_k246,p2_k246,td_k2,td_k24,td_k246,td_ed_hmf_exact,fro_k2,fro_k24,fro_k246,improvement_24,improvement_246,shift_lvl1_ed,shift_lvl1_k2,shift_lvl1_k24,shift_lvl1_k246,shift_lvl2_ed,shift_lvl2_k2,shift_lvl2_k24,shift_lvl2_k246,trace_err_ed,trace_err_k2,trace_err_k24,trace_err_k246,herm_err_ed,herm_err_k2,herm_err_k24,herm_err_k246
NHS-CNG-1-v2,0.5,0.2,5,0.04688326498129065,-8.293834297900636e-05,-0.0076146983856320745,0.0,-0.03773285415308799,-73.89229506259773,7.780468502131268e-10,0.03575059653491029,0.671875,0,0.476427336332739,0.3109753946243631,0.21259726904289802,0.4763518546859735,0.3109395138924768,0.21270863142154972,0.4764252150869505,0.31097450390126835,0.21260028101178116,0.4764252150869505,0.31097450390126835,0.21260028101178116,0.00011136237865166931,3.011968883123717e-06,3.011968883123717e-06,1.249000902703301e-16,0.00013923535936707207,3.7901224095520586e-06,3.7901224095520586e-06,36.973283248588956,36.973283248588956,0.04679715039970889,0.046883264981290695,0.046800326638311796,0.046800326638311796,0.18616880684291015,0.18753305992516256,0.18620604643749838,0.18620604643749838,1.1102230246251565e-16,0.0,0.0,0.0,0.0,0.0,0.0,0.0
NHS-CNG-1-v2,0.5,0.3,5,0.10548734638658047,-0.00043408064065944747,-0.093068535824392,0.0,-0.03900943699874425,-79.2869622316905,5.202967333893109e-10,0.007323936763958534,0.9980113636363636,0,0.46032504273068503,0.3093457092053236,0.2303292480639914,0.45993359745104323,0.3091497535718741,0.23091664897708275,0.46033297844129933,0.3093510532429794,0.23031596831572115,0.46033297844129933,0.3093510532429794,0.23031596831572115,0.0005874009130913821,1.3279748270172975e-05,1.3279748270172975e-05,1.3877787807814457e-17,0.0007325761734693744,1.6367221986085693e-05,1.6367221986085693e-05,44.2328349258484,44.2328349258484,0.10505319388832102,0.10548734638658053,0.10505326574592111,0.10505326574592111,0.41515388805199693,0.4219493855463221,0.415004095295771,0.415004095295771,0.0,1.1102230246251565e-16,0.0,0.0,0.0,0.0,0.0,0.0
NHS-CNG-1-v2,0.5,0.4,5,0.1875330600710721,-0.001376213957608267,-0.15990866609827356,0.0,-0.03913184076118738,-24.245909492425216,1.3730164512500804e-09,0.00435703545990315,0.9997519841269842,0,0.43758994552371333,0.30623925571286337,0.25617079876342336,0.43631852971122875,0.30555783685834853,0.2581236334304227,0.4376474304316706,0.3062776538083188,0.2560749157600107,0.4376474304316706,0.3062776538083188,0.2560749157600107,0.001952834666999359,9.588300341267786e-05,9.588300341267786e-05,1.1102230246251565e-16,0.0024278371156563673,0.00011820523981995758,0.00011820523981995758,20.36684915463496,20.36684915463496,0.1861688068429107,0.18753306007107207,0.18615684611346406,0.18615684611346406,0.7291242604925934,0.7501322402842885,0.7281128169625561,0.7281128169625561,1.1102230246251565e-16,0.0,1.1102230246251565e-16,1.1102230246251565e-16,0.0,0.0,0.0,0.0
NHS-CNG-1-v2,0.5,0.5,5,0.2930204065158622,-0.0033661345316065507,-0.10152931180842766,0.0,-0.039204483447336236,-4.035504564202722,9.168824098524563e-10,0.002547425101629891,0.995703125,0,0.4082358031848804,0.3008771341351386,0.290887062679981,0.40505734100329377,0.29902848699009893,0.2959141720066074,0.4084743181023976,0.30104392355463605,0.29048175834296636,0.4084743181023976,0.30104392355463605,0.29048175834296636,0.005027109326626367,0.00040530433701463364,0.00040530433701463364,2.7755575615628914e-17,0.0062283180946780614,0.0004989786387586135,0.0004989786387586135,12.403295172350601,12.403295172350601,0.2897140654703192,0.29302040651586225,0.28965427198425575,0.28965427198425575,1.1221802692926068,1.1720816260634488,1.118223473557744,1.118223473557744,0.0,0.0,0.0,0.0,0.0,0.0,0.0,0.0
NHS-CNG-1-v2,0.5,0.62,5,0.450548177328498,-0.007977600633131826,0.0008460775984035638,0.0,-0.039299752659255976,0.009250953224627143,4.741156930607652e-10,0.00030706396972213104,0.515625,0,0.3647582378522038,0.2902209341399193,0.345020828007877,0.35716427821414287,0.2852796501189378,0.3575560716669194,0.36566310810192665,0.2909052835741196,0.34343160832395386,0.36566310810192665,0.2909052835741196,0.34343160832395386,0.012535243659042405,0.0015892196839231154,0.0015892196839231154,0.0,0.015466636491237135,0.001952624777240236,0.001952624777240236,7.887672035434496,7.887672035434496,0.4428154054260531,0.45054817732849817,0.44257057669536654,0.44257057669536654,1.6887400283426928,1.802192709313992,1.6745510991838826,1.6745510991838826,0.0,0.0,1.1102230246251565e-16,1.1102230246251565e-16,0.0,0.0,0.0,0.0
NHS-CNG-1-v2,0.5,0.75,5,0.6592959152650724,-0.017080173009824482,-0.09899107901321695,0.0,-0.03929447542548359,-0.34542590414657837,1.4113340869359282e-10,0.00037111262657180865,1.0018696581196582,0,0.30929221448366256,0.2719916006487084,0.418716184867629,0.29356262872932004,0.2602750509009998,0.4461623203696801,0.3120337230203171,0.2742991062651798,0.41366717071450315,0.3120337230203171,0.2742991062651798,0.41366717071450315,0.027446135502051133,0.005049014153125891,0.005049014153125891,0.0,0.033734074168275265,0.0061913645624419485,0.0061913645624419485,5.435939506142794,5.435939506142794,0.6429693557689827,0.6592959152650723,0.6422157422552477,0.6422157422552477,2.4058136387139424,2.6371836610602895,2.3639008929030982,2.3639008929030982,0.0,0.0,0.0,0.0,0.0,0.0,0.0,0.0
NHS-CNG-1-v2,0.75,0.2,5,0.06309595601344603,-0.0002120312765479251,-0.04456008684925435,0.0,-0.05325947459828604,-177.39503143089613,3.2508419374051277e-09,0.021797243370531096,1.0257120253164558,0,0.5416493989585094,0.28910193572710696,0.1692486653143837,0.5413912812553405,0.2890108526959426,0.1695978660487169,0.5416496091013944,0.28910277804478157,0.16924761285382417,0.5416496091013944,0.28910277804478157,0.16924761285382417,0.0003492007343331993,1.0524605594947056e-06,1.0524605594947056e-06,4.163336342344337e-17,0.0004436913568169848,1.3643065368040835e-06,1.3643065368040835e-06,331.79460378149776,331.79460378149776,0.06288055727859432,0.06309595601344586,0.06288392473689808,0.06288392473689808,0.24900013218268513,0.2523838240537841,0.2489913236290171,0.2489913236290171,0.0,0.0,1.1102230246251565e-16,1.1102230246251565e-16,0.0,0.0,0.0,0.0
NHS-CNG-1-v2,0.75,0.3,5,0.14196590143759233,-0.0010976397355428995,0.0,0.0,-0.05446176748019391,0.0,6.582580114047722e-10,0.0007024055221214381,1.0,0,0.5107595714555887,0.28903906024698234,0.2002013682974289,0.5093601482636432,0.2884811520212791,0.20215869971507783,0.5108327246307603,0.28907708534127774,0.20009019002796208,0.5108327246307603,0.28907708534127774,0.20009019002796208,0.0019573314176488388,0.00011117826946686893,0.00011117826946686893,2.7755575615628914e-17,0.0024699783677145574,0.00013841207474599935,0.00013841207474599935,17.60534164666165,17.60534164666165,0.1408838160270226,0.14196590143759236,0.14086826170204958,0.14086826170204958,0.5512329706492849,0.5678636057503692,0.5503013699816826,0.5503013699816826,0.0,0.0,1.1102230246251565e-16,1.1102230246251565e-16,0.0,0.0,0.0,0.0
NHS-CNG-1-v2,0.75,0.4,5,0.25238382487424404,-0.0034680953429901636,0.07332672519497552,0.0,-0.05444625248048218,4.56118551255607,3.599602464030495e-10,0.00020241081573617295,1.0282451923076923,0,0.4660059623647908,0.28598762136855566,0.24800641626665354,0.4612526101460416,0.2837897714992591,0.2549576183546994,0.4664441550331207,0.2862384199508642,0.24731742501601503,0.4664441550331207,0.2862384199508642,0.24731742501601503,0.00695120208804581,0.0006889912506385237,0.0006889912506385237,0.0,0.008703109319795305,0.0008541789548581195,0.0008541789548581195,10.08895552970197,10.08895552970197,0.24900013218268446,0.25238382487424404,0.24891572953125407,0.24891572953125407,0.9590082520736557,1.0095352994969762,0.9540457740091335,0.9540457740091335,0.0,0.0,2.220446049250313e-16,2.220446049250313e-16,0.0,0.0,0.0,0.0
NHS-CNG-1-v2,0.75,0.5,5,0.39434972639124816,-0.00846177647079575,-0.00676862078722851,0.0,-0.05441247254009664,-0.11037114598419451,5.546745831870166e-10,0.0005812182198982835,1.14453125,0,0.4073302366917481,0.27707096788659497,0.315598795421657,0.3951594329278849,0.27044036339098015,0.3344002036811349,0.4090674250869016,0.2781876701488262,0.3127449047642722,0.4090674250869016,0.2781876701488262,0.3127449047642722,0.01880140825947796,0.0028538906573847556,0.0028538906573847556,0.0,0.023357789552423364,0.00352271760818781,0.00352271760818781,6.587991803689903,6.587991803689903,0.38619923510020093,0.3943497263912482,0.38588794992045283,0.38588794992045283,1.4597966978286578,1.5773989055649926,1.4420104820322606,1.4420104820322606,0.0,0.0,0.0,0.0,0.0,0.0,0.0,0.0
NHS-CNG-1-v2,0.75,0.62,5,0.6063521393113693,-0.02000788652269177,-0.13029595015414883,0.0,-0.05441910403745632,-0.5844618584786423,5.477597266093984e-10,0.00044514549196125356,1.0185335497835497,0,0.32195157556730736,0.2546765374771929,0.4233718869554998,0.2940471891020012,0.23592273706180028,0.4700300738361984,0.3281191171535008,0.2593386908500289,0.41254219199647035,0.3281191171535008,0.2593386908500289,0.41254219199647035,0.04665818688069864,0.010829694959029468,0.010829694959029468,1.1102230246251565e-16,0.05750953153190987,0.01330625928632457,0.01330625928632457,4.308356519478554,4.308356519478554,0.5874574822348915,0.6063521393113696,0.5863442527886775,0.5863442527886775,2.1651330805171862,2.4254085572454773,2.105282372882409,2.105282372882409,2.220446049250313e-16,0.0,0.0,0.0,0.0,0.0,0.0,0.0
NHS-CNG-1-v2,0.75,0.75,5,0.8872868847387858,-0.04285944408400592,-0.016357500235802232,0.0,-0.054440036711549324,-0.023416649142824174,1.4865905416730265e-10,4.913354792569653e-05,1.1605603448275863,0,0.22294654283437912,0.2143925766302527,0.5626608805353682,0.17532827762085215,0.17366449571850034,0.6510072266606476,0.23927644829096945,0.2295085196306091,0.5312150320784216,0.23927644829096945,0.2295085196306091,0.5312150320784216,0.08834634612527932,0.03144584845694667,0.03144584845694667,2.7755575615628914e-17,0.10831136888797818,0.038522706683051945,0.038522706683051945,2.809475668822757,2.809475668822757,0.8478357069060504,0.8872868847387858,0.8444274406547797,0.8444274406547797,3.0343267713794466,3.5491475389551432,2.8633964336110482,2.8633964336110482,0.0,1.1102230246251565e-16,0.0,0.0,0.0,0.0,0.0,0.0
NHS-CNG-1-v2,1.0,0.2,5,0.0743301941790823,-0.00036340672126779975,-0.01776762956647484,0.0,-0.06577523685114799,-43.26469914126316,1.976929113730143e-09,0.006976194133754688,1.0405505952380953,0,0.6027499807576756,0.2638736246375218,0.1333763946048026,0.6022374192760587,0.26374479392392475,0.1340177868000166,0.6027635206580603,0.2638792826514691,0.1333571966904706,0.6027635206580603,0.2638792826514691,0.1333571966904706,0.0006413921952140578,1.91979143319837e-05,1.91979143319837e-05,1.3877787807814457e-17,0.000831083974869447,2.416406296451876e-05,2.416406296451876e-05,33.4094727230603,33.4094727230603,0.07396780884360021,0.07433019417908215,0.07396678745781449,0.07396678745781449,0.2916726806986283,0.2973207767163293,0.2915062691760444,0.2915062691760444,0.0,2.220446049250313e-16,0.0,0.0,0.0,0.0,0.0,0.0
NHS-CNG-1-v2,1.0,0.3,5,0.16724293724930164,-0.0018538554322200208,0.027920560747317604,0.0,-0.06627966293383497,5.9687141042257155,4.339152213057177e-10,0.0012620914327963423,0.953125,0,0.5575124223768138,0.26744482830525246,0.17504274931793395,0.554543995052108,0.266503954657413,0.17895205029047898,0.5577362946750899,0.2675416733173086,0.17472203200760145,0.5577362946750899,0.2675416733173086,0.17472203200760145,0.003909300972545091,0.0003207173103323968,0.0003207173103323968,0.0,0.0049979433867541586,0.00040293591977200806,0.00040293591977200806,12.189242197414993,12.189242197414993,0.1654285103613088,0.1672429372493015,0.16538908181708167,0.16538908181708167,0.6415454405320586,0.6689717489972067,0.6393100620816863,0.6393100620816863,0.0,0.0,0.0,0.0,0.0,0.0,0.0,0.0
NHS-CNG-1-v2,1.0,0.4,5,0.29732077730411133,-0.005855355637937221,0.04611122911299422,0.0,-0.06623732101252623,1.754409296775588,5.019306215042147e-10,0.0007834807331710716,0.9724770642201835,0,0.4891320793600502,0.2662152613327587,0.24465265930719124,0.4783991537483236,0.26184853110227496,0.2597523151494014,0.4905443785954684,0.2669285909005111,0.24252703050402055,0.4905443785954684,0.2669285909005111,0.24252703050402055,0.01509965584221025,0.0021256288031706316,0.0021256288031706316,0.0,0.019033224415370847,0.0026498539604026218,0.0026498539604026218,7.1036183832695965,7.1036183832695965,0.2916726806986284,0.2973207773041112,0.29146542166617406,0.29146542166617406,1.1072069335744925,1.1892831092164453,1.0955974190094497,1.0955974190094497,0.0,0.0,0.0,0.0,0.0,0.0,0.0,0.0
NHS-CNG-1-v2,1.0,0.5,5,0.46456371471050184,-0.014285012359105077,0.01649851316886949,0.0,-0.06618964457694289,0.16455419208760527,1.5875075306494584e-10,0.00012031219703305876,0.952724358974359,0,0.3973367620854365,0.25361537835191916,0.34904785956264445,0.36941707667661233,0.23900632345488765,0.39157659986849996,0.4030286576571206,0.2570540496181696,0.3399172927247098,0.4030286576571206,0.2570540496181696,0.3399172927247098,0.04252874030585557,0.009130566837934617,0.009130566837934617,1.1102230246251565e-16,0.05293039835779709,0.011295547178348004,0.011295547178348004,4.657842285230541,4.657842285230541,0.45103467258387675,0.464563714710502,0.45027870235139683,0.45027870235139683,1.6704248578882113,1.8582548588420074,1.6296946610963263,1.6296946610963263,1.1102230246251565e-16,0.0,0.0,0.0,0.0,0.0,0.0,0.0
NHS-CNG-1-v2,1.0,0.62,5,0.7143131678790136,-0.03377429508905689,0.07191659586430292,0.0,-0.0661925300528001,0.19731638659255585,2.482498715356718e-11,0.0001695693730551859,0.9513786764705883,0,0.2687350938336436,0.21635547319027215,0.5149094329760844,0.21235995622040965,0.17637208970670998,0.6112679540728804,0.287380075316955,0.23075222519976485,0.48186769948328007,0.287380075316955,0.23075222519976485,0.48186769948328007,0.09635852109679606,0.03304173349280419,0.03304173349280419,1.1102230246251565e-16,0.11858242569481511,0.04057903344271959,0.04057903344271959,2.9162671237506643,2.9162671237506643,0.6831966511042752,0.7143131678790136,0.6805388727899565,0.6805388727899565,2.4502649138013908,2.857252671516054,2.316863950091144,2.316863950091144,1.1102230246251565e-16,0.0,2.220446049250313e-16,2.220446049250313e-16,0.0,0.0,0.0,0.0
NHS-CNG-1-v2,1.0,0.75,5,1.045268358253405,-0.07230932816392989,0.03257398753853721,0.0,-0.0661818219198242,0.028522495102348482,7.652517924797767e-12,1.7733580752773794e-05,0.7252435064935064,0,0.1426932906704938,0.1547212181751686,0.7025854911543375,0.07708402079667045,0.08913609547387864,0.8337798837294509,0.18258595827458213,0.19640524405768756,0.6210087976677303,0.18258595827458213,0.19640524405768756,0.6210087976677303,0.13119439257511334,0.08157669348660726,0.08157669348660726,0.0,0.16067966036892284,0.09991866623685815,0.09991866623685815,1.6082337609902269,1.6082337609902269,0.9809273987393885,1.0452683582534048,0.972959030089475,0.972959030089475,3.3940695830447716,4.18107343301362,3.024124182390742,3.024124182390742,0.0,0.0,0.0,0.0,0.0,0.0,0.0,0.0
NHS-CNG-1-v2,1.3,0.2,5,0.08293590849007035,-0.0005273581332445605,0.04816134021681824,0.0,-0.0766691124309056,84.42493677033862,4.3665289686251994e-10,0.0027451215194617485,1.0193201013513513,0,0.6701551962837563,0.23151615981553736,0.09832864390070639,0.6693582479295226,0.23139728817693758,0.09924446389353975,0.6701901229441501,0.23152608681030376,0.09828379024554608,0.6701901229441501,0.23152608681030376,0.09828379024554608,0.0009158199928334942,4.485365516020828e-05,4.485365516020828e-05,9.71445146547012e-17,0.0012198292524171787,5.7708467425437166e-05,5.7708467425437166e-05,20.417956787743794,20.417956787743794,0.08241565700222331,0.08293590849007038,0.08240855035682593,0.08240855035682593,0.3236969658333053,0.3317436339602813,0.3233059038283683,0.3233059038283683,2.220446049250313e-16,0.0,0.0,0.0,0.0,0.0,0.0,0.0
NHS-CNG-1-v2,1.3,0.3,5,0.18660579408940695,-0.0026568561286514796,-0.09567185151178759,0.0,-0.07629881425712433,-14.72342354529797,9.419346663372597e-10,0.002813850471748921,0.9929315476190477,0,0.6112508885056944,0.24098140905502619,0.14776770243927936,0.6061444015811981,0.23977614920199553,0.15407944921680644,0.6117174956452274,0.2411463925072726,0.14713611184750014,0.6117174956452274,0.2411463925072726,0.14713611184750014,0.006311746777527036,0.000631590591779238,0.000631590591779238,1.3877787807814457e-17,0.008207740700521854,0.0008024016686187899,0.0008024016686187899,9.993414815990802,9.993414815990802,0.18400945791427648,0.18660579408940692,0.1839489379607555,0.1839489379607555,0.707795360151457,0.7464231763576279,0.7039134782992045,0.7039134782992045,0.0,0.0,1.1102230246251565e-16,1.1102230246251565e-16,0.0,0.0,0.0,0.0
NHS-CNG-1-v2,1.3,0.4,5,0.33174363410513824,-0.008414567537352443,-0.05955084634917391,0.0,-0.07645864634414279,-1.631098335662275,4.4715577840932295e-10,0.0007891890393853109,0.9728483606557378,0,0.5157443630497023,0.24381683760690942,0.2404387993433883,0.49544298129311587,0.23668236222147523,0.26787465648540887,0.5191067276740939,0.24528904472691038,0.23560422759899574,0.5191067276740939,0.24528904472691038,0.23560422759899574,0.027435857142020584,0.00483457174439253,0.00483457174439253,1.3877787807814457e-17,0.0348679379569453,0.006070088436194343,0.006070088436194343,5.674930188768547,5.674930188768547,0.3236969658333049,0.3317436341051383,0.3233290665677857,0.3233290665677857,1.2129648940796285,1.326974536420553,1.192341455822914,1.192341455822914,0.0,0.0,1.1102230246251565e-16,1.1102230246251565e-16,0.0,0.0,0.0,0.0
NHS-CNG-1-v2,1.3,0.5,5,0.5183494284250262,-0.020551876914448642,-0.03742266300631147,0.0,-0.07649027852054542,-0.26869947434046176,2.4760049498279194e-10,0.000390987881245372,0.9710597826086955,0,0.38235743592375027,0.22707651608736576,0.39056604798888395,0.3294189109032407,0.2005742461519006,0.47000684294485867,0.39630737356661805,0.23493923893978277,0.36875338749359926,0.39630737356661805,0.23493923893978277,0.36875338749359926,0.07944079495597473,0.021812660495284728,0.021812660495284728,2.7755575615628914e-17,0.09907420272864473,0.027059477614624673,0.027059477614624673,3.6419580716963686,3.6419580716963686,0.49917782208287065,0.5183494284250262,0.49779755151057764,0.49779755151057764,1.8163394036167444,2.0733977137001047,1.7445676830689265,1.7445676830689265,0.0,0.0,1.1102230246251565e-16,1.1102230246251565e-16,0.0,0.0,0.0,0.0
NHS-CNG-1-v2,1.3,0.62,5,0.7970140813348942,-0.048610433324833946,-0.026683985795804704,0.0,-0.07652397192020317,-0.052705109210179575,6.404012440374295e-11,2.2466288423459515e-05,1.1070884146341462,0,0.20789885467814426,0.17178974473293854,0.6203114005889173,0.12576301929473496,0.11000410051590508,0.7642328801893599,0.24801729014576124,0.20365414847077348,0.5483285613834654,0.24801729014576124,0.20365414847077348,0.5483285613834654,0.14392147960044271,0.07198283920545191,0.07198283920545191,6.938893903907228e-17,0.17685348053070657,0.08835359771970262,0.08835359771970262,1.9993859812845816,1.9993859812845816,0.7532458683592764,0.797014081334894,0.7484036480100602,0.7484036480100602,2.640899942398863,3.188056325339576,2.4102893921422335,2.4102893921422335,0.0,2.220446049250313e-16,0.0,0.0,0.0,0.0,0.0,0.0
NHS-CNG-1-v2,1.3,0.75,5,1.1662862141163817,-0.10407879580862482,-0.09794975273825873,0.0,-0.0765159499636031,-0.06174302703640781,2.27907604491017e-10,9.418386476205771e-05,1.1649709302325582,0,0.07693763208574522,0.09679171489046048,0.8262706530237943,0.02279360492303773,0.03222208506837403,0.9449843100085883,0.14300309140045991,0.17657326546221247,0.6804236431373276,0.14300309140045991,0.17657326546221247,0.6804236431373276,0.11871365698479391,0.14584700988646665,0.14584700988646665,0.0,0.14558071688056967,0.17888848766457927,0.17888848766457927,0.8139601701619082,0.8139601701619082,1.076589446083793,1.1662862141163814,1.0622074183077568,1.0622074183077568,3.6260978970868267,4.665144856465527,2.9998841235275293,2.9998841235275293,0.0,1.1102230246251565e-16,2.220446049250313e-16,2.220446049250313e-16,0.0,0.0,0.0,0.0
NHS-CNG-1-v2,1.7,0.2,5,0.08928870532694139,-0.000698978920414649,0.12989779599019421,0.0,-0.08767404156595322,182.47871092891293,1.7114004415513363e-09,0.021605327662028623,0.9794061302681992,0,0.748339859232215,0.18838796546056524,0.06327217530721978,0.74734024292827,0.18835177530237185,0.06430798176935809,0.7484140430296754,0.18839840445512696,0.06318755251519773,0.7484140430296754,0.18839840445512696,0.06318755251519773,0.0010358064621383278,8.462279202213485e-05,8.462279202213485e-05,7.632783294297951e-17,0.0014399435786412484,0.00011301869466032768,0.00011301869466032768,12.240277558643907,12.240277558643907,0.08861544144491873,0.08928870532694144,0.08858972640652685,0.08858972640652685,0.34681672462200974,0.35715482130776555,0.34597115858113114,0.34597115858113114,1.1102230246251565e-16,0.0,0.0,0.0,0.0,0.0,0.0,0.0
NHS-CNG-1-v2,1.7,0.3,5,0.20089958671849334,-0.0034700852428477037,0.186137071648784,0.0,-0.08597695437182681,22.955975213064217,9.505310696769186e-10,0.003375680097585506,0.981951871657754,0,0.6793293463496353,0.20580748600116702,0.11486316764919774,0.671821181717897,0.20469508955823965,0.12348372872386339,0.6802053976337363,0.2060306533548384,0.11376394901142516,0.6802053976337363,0.2060306533548384,0.11376394901142516,0.008620561074665668,0.0010992186377725768,0.0010992186377725768,6.938893903907228e-18,0.011485818874837097,0.0014232185825608723,0.0014232185825608723,7.842444422279912,7.842444422279912,0.19755008337259317,0.2008995867184934,0.19742950147564564,0.19742950147564564,0.7544914807488352,0.8035983468739734,0.7480769829884102,0.7480769829884102,0.0,0.0,2.220446049250313e-16,2.220446049250313e-16,0.0,0.0,0.0,0.0
NHS-CNG-1-v2,1.7,0.4,5,0.3571548206965306,-0.010942036028963832,0.17120629050048586,0.0,-0.08577981547416076,3.7579428261876204,7.099090640390733e-10,0.0012544652245929004,0.9733375726744187,0,0.5532685959762805,0.2160331833427966,0.2306982206809229,0.5183321408763454,0.20598007288993295,0.2756877862337217,0.5602157771607116,0.21852135838565567,0.2212628644536326,0.5602157771607116,0.21852135838565567,0.2212628644536326,0.04498956555279879,0.009435356227290276,0.009435356227290276,1.3877787807814457e-17,0.05784187007140105,0.011978325784060405,0.011978325784060405,4.768189400488514,4.768189400488514,0.3468167246220093,0.3571548206965306,0.3462127846675668,0.3462127846675668,1.285451095199455,1.4286192827861224,1.2535467063227008,1.2535467063227008,0.0,0.0,2.220446049250313e-16,2.220446049250313e-16,0.0,0.0,0.0,0.0
NHS-CNG-1-v2,1.7,0.5,5,0.5580544071510172,-0.026694114655886458,0.21251478501077747,0.0,-0.08571610673964307,1.2228115248714995,5.010965216514139e-10,0.0006006926725091722,0.9738729508196722,0,0.3637478820038919,0.1950952637212122,0.44115685427489587,0.27441097654248875,0.1534415003513692,0.572147523106142,0.39322290497372875,0.21012217274933873,0.3966549222769326,0.39322290497372875,0.21012217274933873,0.3966549222769326,0.13099066883124616,0.044501931997963304,0.044501931997963304,0.0,0.16393496881735686,0.05545274497771366,0.05545274497771366,2.943482742215352,2.943482742215352,0.5335452796326482,0.5580544071510172,0.5313602924951308,0.5313602924951308,1.9134938206100245,2.2322176286040687,1.8051117941098853,1.8051117941098853,0.0,0.0,1.1102230246251565e-16,1.1102230246251565e-16,0.0,0.0,0.0,0.0
NHS-CNG-1-v2,1.7,0.62,5,0.8580644561735298,-0.0630854469231026,0.17817398836969167,0.0,-0.08568195342463086,0.2820230235351988,2.349530680746632e-10,0.0002211954646342398,0.9308222765363128,0,0.14298980168979664,0.12114679752695416,0.7358634007832492,0.05565689686047549,0.051827224377691994,0.8925158787618326,0.21187640479699718,0.17723338513981196,0.6108902100631909,0.21187640479699718,0.17723338513981196,0.6108902100631909,0.15665247797858337,0.12497319072005833,0.12497319072005833,2.0816681711721685e-17,0.19228166408774844,0.15332764850624891,0.15332764850624891,1.2534886648568258,1.2534886648568258,0.8024880600593844,0.8580644561735294,0.7949790092504272,0.7949790092504272,2.763688937576239,3.432257824694119,2.4228906739244778,2.4228906739244778,0.0,0.0,0.0,0.0,0.0,0.0,0.0,0.0
NHS-CNG-1-v2,1.7,0.75,5,1.2556224156078217,-0.13507290178627182,0.24237634730737387,0.0,-0.08567421020757546,0.1224371059495159,2.1374745649933773e-10,0.00014346021626995207,0.8804222279260779,0,0.03223155794288056,0.04868717254031144,0.919081269516808,0.004127906003735938,0.007555897347913065,0.988316196648351,0.1172290920439379,0.1705560949865271,0.712214812969535,0.1172290920439379,0.1705560949865271,0.712214812969535,0.06923492713154294,0.20686645654727298,0.20686645654727298,1.3877787807814457e-17,0.08529403370798831,0.25469657615658464,0.25469657615658464,0.3346841643015306,0.3346841643015306,1.1426291558359352,1.2556224156078217,1.1205495138215498,1.1205495138215498,3.7708403047392474,5.022489662431287,2.8613232338509382,2.8613232338509382,0.0,1.1102230246251565e-16,0.0,0.0,0.0,0.0,0.0,0.0
NHS-CNG-1-v2,2.2,0.2,5,0.0930177420877404,-0.0008093818669282583,0.12191209031542258,0.0,-0.09354528099340025,151.47794249373192,1.5157333990227909e-09,0.012341038840245011,0.9824526813880126,0,0.8256110438820863,0.1396353245229405,0.034753631594973286,0.8246452619969189,0.13971328257206378,0.035641455431017155,0.8256770799409555,0.13963922680845653,0.03468369325058792,0.8256770799409555,0.13963922680845653,0.03468369325058792,0.0009657818851670774,6.993834438543539e-05,6.993834438543539e-05,1.249000902703301e-16,0.00131417018341895,9.626713311730133e-05,9.626713311730133e-05,13.809047006382965,13.809047006382965,0.09223201267321934,0.09301774208774038,0.09220836022081202,0.09220836022081202,0.3600728642943496,0.37207096835096154,0.3591208584801091,0.3591208584801091,2.220446049250313e-16,2.220446049250313e-16,0.0,0.0,0.0,0.0,0.0,0.0
NHS-CNG-1-v2,2.2,0.3,5,0.2092899194232551,-0.004051906480456863,0.07576240312977366,0.0,-0.09250448540531969,8.264352051472985,7.595803338914801e-10,0.0021091935613036634,0.9808058375634517,0,0.7557918752230454,0.163960357550666,0.08024776722628865,0.746798277169026,0.1634051872184725,0.08979653561250149,0.7569306625549385,0.16415240296498793,0.07891693448007375,0.7569306625549385,0.16415240296498793,0.07891693448007375,0.009548768386212846,0.0013308327462150174,0.0013308327462150174,1.1796119636642288e-16,0.0131290516698102,0.0017620538660439397,0.0017620538660439397,7.175032635295621,7.175032635295621,0.20539028881744326,0.20928991942325503,0.2052380129427982,0.2052380129427982,0.780614953610653,0.8371596776930202,0.7723291740057103,0.7723291740057103,1.1102230246251565e-16,2.220446049250313e-16,0.0,0.0,0.0,0.0,0.0,0.0
NHS-CNG-1-v2,2.2,0.4,5,0.37207096778700116,-0.012790292061950507,0.13691073865075848,0.0,-0.09239083533742963,2.6580317349634677,5.800851862248174e-10,0.0008765976771208193,0.9726123595505618,0,0.6036885485036625,0.1840520721187802,0.21225937937755743,0.5504385135737425,0.17230590026608383,0.27725558616017365,0.6152138088892674,0.18723927618430028,0.19754691492643248,0.6152138088892674,0.18723927618430028,0.19754691492643248,0.06499620678261628,0.014712464451124951,0.014712464451124951,1.3877787807814457e-17,0.08484129695707969,0.01895907452743609,0.01895907452743609,4.417764746248648,4.417764746248648,0.3600728642943497,0.3720709677870012,0.35928067572505074,0.35928067572505074,1.3248866353095943,1.4882838711480046,1.2836391981567965,1.2836391981567965,0.0,0.0,0.0,0.0,0.0,0.0,0.0,0.0
NHS-CNG-1-v2,2.2,0.5,5,0.5813608869680958,-0.031212276600852937,0.17921461857093668,0.0,-0.09234934667820165,0.9120864479914277,2.972597578721396e-10,0.0004898183487627688,0.9768978004291846,0,0.3444248711398005,0.1605371297850137,0.4950379990751858,0.21398576169484113,0.10615533330663496,0.6798589049985239,0.3964884112576825,0.18363934559587783,0.41987224314643956,0.3964884112576825,0.18363934559587783,0.41987224314643956,0.1848209059233381,0.0751657559287462,0.0751657559287462,2.7755575615628914e-17,0.23265964052094054,0.09430914828010005,0.09430914828010005,2.4588445049171077,2.4588445049171077,0.5530223946548537,0.581360886968096,0.5501486103672428,0.5501486103672428,1.964890245287085,2.3254435478723834,1.8260471222587364,1.8260471222587364,0.0,0.0,2.220446049250313e-16,2.220446049250313e-16,0.0,0.0,0.0,0.0
NHS-CNG-1-v2,2.2,0.62,5,0.8939004997580807,-0.07376662048790582,0.14152570736932338,0.0,-0.0923169668985042,0.19813800870195145,2.7965051362003343e-10,0.00014894583650200784,0.9109205163043478,0,0.08750915763970767,0.07501280078089441,0.8374780415793979,0.019341405541899705,0.019083598755121008,0.9615749957029793,0.1803728095566029,0.15130844077677208,0.6683187496666251,0.1803728095566029,0.15130844077677208,0.6683187496666251,0.1240969541235814,0.16915929191277285,0.16915929191277285,6.938893903907228e-18,0.152233281801511,0.20750794820958912,0.20750794820958912,0.7336100353717023,0.7336100353717023,0.8299615133747664,0.8939004997580805,0.820133879270175,0.820133879270175,2.8266598171450372,3.575601999032323,2.39533607122583,2.39533607122583,0.0,0.0,0.0,0.0,0.0,0.0,0.0,0.0
NHS-CNG-1-v2,2.2,0.75,5,1.308061995139225,-0.1579306400292763,-0.008076195257488563,0.0,-0.0923017085223677,-0.0036084594324093436,6.530437754201635e-11,1.3498776696357881e-05,1.2092154420921544,0,0.010826188527939373,0.019992494935568473,0.9691813165364922,0.000524660379894097,0.0012875385156146724,0.9981878011044912,0.09938014138026387,0.17230071444413186,0.7283191441756043,0.09938014138026387,0.17230071444413186,0.7283191441756043,0.02900648456799911,0.2408621723608879,0.2408621723608879,1.1449174941446927e-16,0.03601906472759825,0.29841947384520084,0.29841947384520084,0.12042772961682915,0.12042772961682915,1.17881313059861,1.3080619951392247,1.1501313551099486,1.1501313551099486,3.8429471131658595,5.2322479805569,2.7053577400884796,2.7053577400884796,1.1102230246251565e-16,0.0,2.220446049250313e-16,2.220446049250313e-16,0.0,0.0,0.0,0.0
NHS-CNG-1-v2,2.8,0.2,5,0.09485775915110595,-0.0008797118269326006,0.14232233887431375,0.0,-0.09776754471827552,166.74564066277685,2.734073009916547e-09,0.012643315055471182,0.9739915074309978,0,0.8906706988563101,0.09324126044526206,0.016088040698427786,0.8899431069164792,0.09338766419321944,0.0166692288903014,0.8907215298857599,0.09323939956963025,0.016039070544609877,0.8907215298857599,0.09323939956963025,0.016039070544609877,0.0007275919398309783,5.083102944971468e-05,5.083102944971468e-05,8.673617379884035e-18,0.0009426578396726313,7.060688619378945e-05,7.060688619378945e-05,14.313932802615358,14.313932802615358,0.09400555686711753,0.09485775915110606,0.09397804732417347,0.09397804732417347,0.36646478895289913,0.3794310366044238,0.36535564737350223,0.36535564737350223,0.0,0.0,1.1102230246251565e-16,1.1102230246251565e-16,0.0,0.0,0.0,0.0
NHS-CNG-1-v2,2.8,0.3,5,0.21342995757356395,-0.004399946097583243,0.15078311485834942,0.0,-0.09659098614139307,15.509099294187441,9.888058378449886e-10,0.0018911913795861218,0.9885082665330662,0,0.8304594281348017,0.12003205519060249,0.049508516674595854,0.8217354472563403,0.12018381760644485,0.05808073513721494,0.8316003484410939,0.12013739031066191,0.0482622612482442,0.8316003484410939,0.12013739031066191,0.0482622612482442,0.008723980878461414,0.0012462554263516987,0.0012462554263516987,1.2836953722228372e-16,0.012231672149362476,0.0016929108720009501,0.0016929108720009501,7.000154778864304,7.000154778864304,0.2092070564909254,0.21342995757356398,0.20903001147598077,0.20903001147598077,0.7929162976012258,0.8537198302942558,0.7833206927329239,0.7833206927329239,1.1102230246251565e-16,1.1102230246251565e-16,0.0,0.0,0.0,0.0,0.0,0.0
NHS-CNG-1-v2,2.8,0.4,5,0.3794310355670316,-0.01389742965034668,0.23690172755299785,0.0,-0.09653143938610811,4.336802796664368,8.781418350000448e-10,0.0014083443773729907,0.9880420918367347,0,0.6655028187881605,0.14940254128425834,0.18509463992758113,0.5929539056540862,0.13803724841613876,0.26900884592977503,0.68151058015853,0.15259782600617755,0.1658915938352924,0.68151058015853,0.15259782600617755,0.1658915938352924,0.08391420600219389,0.019203046092288734,0.019203046092288734,2.7755575615628914e-17,0.1115083344324191,0.02520347689838429,0.02520347689838429,4.369838284973491,4.369838284973491,0.3664647889528989,0.3794310355670317,0.36553360591668493,0.36553360591668493,1.3429729957242258,1.5177241422681265,1.2953652678625796,1.2953652678625796,0.0,0.0,0.0,0.0,0.0,0.0,0.0,0.0
NHS-CNG-1-v2,2.8,0.5,5,0.5928609926066174,-0.03388785879710561,0.045929926770479176,0.0,-0.09641361684464518,0.22041295781192694,6.84189891564182e-11,0.00019280933832940375,0.8816817434210527,0,0.32460981812640677,0.1261016492757651,0.5492885325978282,0.1568279936483025,0.06636437571549238,0.7768076306362052,0.40483016423935375,0.15580300273563097,0.43936683302501534,0.40483016423935375,0.15580300273563097,0.43936683302501534,0.227519098038377,0.10992169957281285,0.10992169957281285,1.3877787807814457e-17,0.28893636401431516,0.1392847958852818,0.1392847958852818,2.0698287865142304,2.0698287865142304,0.5623087216162967,0.5928609926066176,0.5589731338095119,0.5589731338095119,1.9878571293817537,2.3714439704264696,1.8292382296727798,1.8292382296727798,0.0,0.0,0.0,0.0,0.0,0.0,0.0,0.0
NHS-CNG-1-v2,2.8,0.62,5,0.9115830622184943,-0.08010553240395649,0.09790326495812665,0.0,-0.0963984424688815,0.12924341768538725,1.1937033125778423e-10,4.6006747953440096e-05,0.8497299382716049,0,0.047660464517451345,0.04061448882387347,0.9117250466586753,0.005621123988951897,0.005806420082502202,0.9885724559285459,0.14958314713397844,0.12346892312996235,0.7269479297360593,0.14958314713397844,0.12346892312996235,0.7269479297360593,0.07684740926987074,0.1847771169226159,0.1847771169226159,1.3183898417423734e-16,0.09425726557176473,0.22670613898649797,0.22670613898649797,0.4158924576253358,0.4158924576253358,0.8428652330075307,0.9115830622184943,0.8314775298145378,0.8314775298145378,2.8540129437801514,3.646332248873977,2.3646437304106733,2.3646437304106733,2.220446049250313e-16,1.1102230246251565e-16,0.0,0.0,0.0,0.0,0.0,0.0
NHS-CNG-1-v2,2.8,0.75,5,1.3339372332676207,-0.17152509245069067,0.16135908483839395,0.0,-0.09639552485209818,0.06798095126580424,7.757563900710447e-11,1.6959925227690014e-05,0.7191011235955056,0,0.002980818059828193,0.0068185792367040435,0.9902006027034678,5.015881684649626e-05,0.00016905406273485095,0.9997807871204187,0.08160959285993268,0.17015347244965068,0.7482369346904167,0.08160959285993268,0.17015347244965068,0.7482369346904167,0.009580184416950927,0.24196366801305108,0.24196366801305108,1.0842021724855044e-18,0.012024345391767244,0.3023362171586133,0.3023362171586133,0.03959348316886232,0.03959348316886232,1.1955190526870791,1.3339372332676205,1.16241214081693,1.16241214081693,3.873467775725069,5.335748933070483,2.5913474538594325,2.5913474538594325,0.0,0.0,0.0,0.0,0.0,0.0,0.0,0.0
